insert into shawarma.cafe(cafe_id, cafe_address, cafe_phone_number)
values (1, 'ул. Московская 17', '+7 123 456-78-90'),
       (2, 'ул. Пушкина 228', '+7 123 456-78-91'),
       (3, 'ул. Матроскина 14', '+7 123 456-78-92'),
       (4, 'ул. Карла Либнехта 5', '+7 123 456-78-92'),
       (5, 'ул. Розы Люксембург 15', '+7 123 456-78-93');


insert into shawarma.employee(employee_id, cafe_id, employee_name, employee_phone_number, employee_position, salary)
values (1001, 1, 'Том Круз', '+7 904 170-21-20', 'Кассир', 49990.99),
       (1002, 1, 'Дженнифер Коннелли', '+7 904 987-11-82', 'Повар', 53500),
       (1003, 1, 'Эдвард Нортон', '+7 898 316-51-08', 'Уборщик', 42800),
       (1004, 2, 'Джон Траволта', '+7 956 123-45-67', 'Кассир', 47653.2),
       (1005, 2, 'Ума Турман', '+7 957 321-54-76', 'Повар', 62000),
       (1006, 2, 'Сергей Бурунов', '8 904 525-45-23', 'Уборщик', 37256),
       (1007, 3, 'Алла Пугачева', '+7 942 242-21-42', 'Кассир', 45000),
       (1008, 3, 'Борис Джонсон', '+7 942 214-56-86', 'Повар', 58003.1),
       (1009, 3, 'Леонардо Ди Каприо', '8 924 124-12-52', 'Уборщик', 40000),
       (1010, 4, 'Илон Маск', '+7 321 424-32-53', 'Кассир', 52500),
       (1011, 4, 'Стив Джобс', '8 904 123-21-32', 'Повар', 64646.4),
       (1012, 4, 'Дженнифер Лопес', '+7 412 424-42-65', 'Уборщик', 32323.2),
       (1013, 5, 'Александр Халяпов', '8 909 312-32-53', 'Кассир', 48900),
       (1014, 5, 'Александр Пушкин', '8 903 123-53-32', 'Повар', 45000),
       (1015, 5, 'Ананух Гелишвили', '+7 100 100-01-11', 'Уборщик', 42350);


insert into shawarma.order(order_id, employee_id, order_dttm, payment_amount, payment_type, discount_amount)
values (5006, 1002, '2001-09-11 19:13:58', 499, 'bank card', 0),
       (5002, 1007, '2015-10-11 04:23:24', 425, 'cash', 24),
       (5003, 1015, '2015-11-11 14:57:45', 1470, 'cash', 370),
       (5004, 1004, '2016-09-06 19:09:02', 300, 'bank card', 0),
       (5005, 1009, '2017-06-08 15:12:03', 450, 'bank card', 50);


insert into shawarma.delivery (delivery_id, cafe_id, delivery_dttm)
values (10001, 1, '2017-06-08 15:12:03'),
       (10002, 1, '2017-06-08 19:13:13'),
       (10003, 5, '2017-07-19 20:10:20'),
       (10004, 4, '2001-09-11 19:13:58'),
       (10005, 2, '2001-09-11 12:14:58'),
       (10006, 3, '2021-09-13 19:14:58'),
       (10007, 4, '2002-09-11 11:53:55');


insert into shawarma.product (product_id, product_name)
values (20001, 'Сыр'),
       (20002, 'Соус барбекю'),
       (20003, 'Конина'),
       (20004, 'Рыба фугу'),
       (20005, 'Куриные сердечки'),
       (20006, 'Говядина'),
       (20007, 'Картошка');


insert into shawarma.product_x_delivery (product_id, delivery_id)
values (20001, 10007),
       (20001, 10006),
       (20002, 10005),
       (20004, 10004),
       (20006, 10003),
       (20001, 10002),
       (20002, 10001);


insert into shawarma.dish(dish_id, dish_name, dish_price, valid_from_dttm, valid_to_dttm)
values (10000001, 'Сырная шаверма', 500, '2016-06-08 00:00:00', '2018-06-08 23:59:59'),
       (10000002, 'Шаверма барбекю', 350, '2016-11-08 00:00:00', '2018-11-08 23:59:59'),
       (10000003, 'Шаверма классическая', 300, '2015-11-08 00:00:00', '2018-11-08 23:59:59'),
       (10000004, 'Шаверма с кониной', 900, '2014-11-18 00:00:00', '2018-11-08 23:59:59'),
       (10000005, 'Картофель-фри', 90, '2010-01-01 00:00:00', '2023-04-08 23:59:59'),
       (10000006, 'Шаверма с рыбой фугу', 1000, '2018-11-18 00:00:00', '2019-12-11 23:59:59');


insert into shawarma.dish_x_order (dish_id, order_id)
values (10000001, 5002),
       (10000002, 5003),
       (10000003, 5004),
       (10000004, 5005),
       (10000005, 5006);


insert into shawarma.product_x_dish (product_id, dish_id)
values (20001, 10000001),
       (20006, 10000001),
       (20002, 10000002),
       (20006, 10000002),
       (20006, 10000003),
       (20003, 10000004),
       (20007, 10000005),
       (20004, 10000006);
